{
  "architecture": "mlp_router",
  "input_dim": 8,
  "hidden_dim": 32,
  "output_dim": 3,
  "params": {
    "weights": [
      [
        0.24835707247257233,
        -0.03172953518328078,
        0.30899255542042076,
        0.7586183669996708,
        -0.11707668751478195,
        -0.15408317439101735,
        0.7793559769893516,
        0.3863134720037654,
        -0.23473718762397766,
        0.2693518958829053,
        -0.2343524174617633,
        -0.23315110515808998,
        0.1209811344742775,
        -0.9769972099843689,
        -0.8624589443206787,
        -0.2987303497919149,
        -0.5037664268598804,
        0.1525011051119215,
        -0.45377737108444544,
        -0.7040158883273602,
        0.7506223274857922,
        -0.1128881499171257,
        0.025110401480460336,
        -0.7142744414759747,
        -0.2547855581528484,
        0.04110448134357666,
        -0.5351663282273623,
        0.1878490149974823,
        -0.31157932125632937,
        -0.14491944759711678,
        -0.30085331201553345,
        0.9051084766162745
      ],
      [
        -0.006748612504452467,
        -0.5227931507890482,
        0.4079130962624512,
        -0.6104089187027292,
        0.10443180054426193,
        -0.9852782934441195,
        -0.6650697465174772,
        0.10012769526018332,
        0.36923328042030334,
        0.08604495333073198,
        -0.05774318757967448,
        -0.1505415377850154,
        -0.7392609715461731,
        -0.36305578617771356,
        -0.23031938076019287,
        0.5251919921136241,
        0.1716610635186179,
        -0.8822881820052756,
        0.16203512344805104,
        -0.19071091358981715,
        -0.3362590392281445,
        0.30583813786506653,
        0.5131844101021494,
        0.45959032337122996,
        -0.41721520787054206,
        -0.15599421223504598,
        0.17115783221557246,
        0.48777255415916443,
        -0.2420332217830747,
        -0.09272825359700584,
        -0.553167462348938,
        -0.6005591301465149
      ],
      [
        0.40626290440559387,
        0.6841194966449206,
        -0.03775544064461023,
        0.5017664432525635,
        0.18081800639629364,
        -0.3280665809106586,
        0.18011034908364992,
        0.7703571211402687,
        -0.01791301928460598,
        0.7822179153041249,
        -1.3099009808728996,
        0.41094484129444114,
        0.04352353513240814,
        -0.15200727942124131,
        0.04588038846850395,
        -0.9967827942921553,
        -0.10981222480189141,
        0.17805414371763137,
        0.7389470338821411,
        -0.2578889609136474,
        -0.4016367627314093,
        -0.2508785128593445,
        0.45536372805793873,
        0.15753597015448106,
        -0.263049466917584,
        0.2549406108131169,
        0.05323078426380086,
        0.4843224883079529,
        -0.353061254603222,
        -0.16374689109179835,
        -0.19605407118797302,
        -0.7337882374582363
      ],
      [
        0.148060142993927,
        0.1935692960781654,
        -0.03104503551142672,
        -0.1201885054763197,
        -0.7076853513717651,
        -0.2685054554925724,
        -0.18681221507667134,
        -0.3889942003717889,
        -0.08064285665750504,
        0.20598683494967773,
        0.9415708020879879,
        0.08737648800119384,
        0.1287751942873001,
        -0.07729434685411506,
        -0.9593856334686279,
        -0.04757803760074887,
        0.031458399503593935,
        1.2212557127170067,
        -0.0959417761714186,
        0.16505876564458086,
        0.005466472179038448,
        -0.5843390226364136,
        0.5512421429250798,
        0.3495668548779175,
        0.4276969988456439,
        -0.47293134728053066,
        0.7721333047608717,
        -0.7009255290031433,
        0.26874773053384665,
        1.0967122250139705,
        -0.49526816606521606,
        -0.31822320108015184
      ],
      [
        0.04982568323612213,
        -0.20154706578499604,
        -0.8083039368038754,
        0.032351529109840876,
        -0.5311518311500549,
        0.1944548916463062,
        -0.4720658311685448,
        0.788989430964332,
        -0.39162665605545044,
        -0.1495035317050922,
        0.40709301477890986,
        -0.6146358849120952,
        0.11372996866703033,
        0.6157682302755895,
        -0.8037416338920593,
        0.06146057079389908,
        0.12880811382683252,
        0.37968789565342226,
        -0.6183162392033017,
        -0.6418229220073111,
        0.2731708919829689,
        0.14849233627319336,
        0.10507713259201863,
        0.14757010999883494,
        -0.30742495043931256,
        0.1049790402860663,
        0.20857289042145763,
        -0.35717570781707764,
        0.9088601173940541,
        0.23822210575591007,
        -0.5956517457962036,
        0.2979831010188432
      ],
      [
        -0.4873408377170563,
        0.469616783987737,
        0.5489511067603072,
        -0.4161528191884104,
        0.4816880524158478,
        0.13038508509509739,
        0.38951754727391136,
        0.9536869969092068,
        -0.12269406020641327,
        -0.3835970439684732,
        -0.45017694252015034,
        -0.40862000277333993,
        -0.03855085372924805,
        0.1282771100460123,
        0.138345405459404,
        0.37759457487418546,
        0.012795589999481254,
        0.7172858924548732,
        -0.13182357029244116,
        1.3644464293265595,
        0.3492416381972533,
        -0.42857876420021057,
        -0.5525372993849688,
        0.23645504083830712,
        -0.0761909890719765,
        0.3277660349887608,
        0.31908829524212395,
        -0.036414455622434616,
        -0.44644692109694945,
        -0.7555351326160213,
        -0.22325748205184937,
        0.38510051959495506
      ],
      [
        0.10704687237739563,
        -0.6603921362570765,
        0.17978238120128792,
        0.18107893655457538,
        -0.4419287145137787,
        0.11694978487099386,
        0.055769697151512296,
        -0.6005908120483973,
        0.17889368534088135,
        0.2695790278010668,
        0.5337595334640279,
        0.5267400684528679,
        -0.6888346672058105,
        -0.4689125120639801,
        0.25751763582229614,
        0.2855348272883244,
        0.26898347128838646,
        1.9301980502486709,
        0.28640007322989874,
        0.5361474042244743,
        0.46982740234034076,
        0.32569563388824463,
        -0.15763461589813232,
        0.44347708710092226,
        -0.39599424345147044,
        -0.12295499123729034,
        -0.2630376269560669,
        0.040937069803476334,
        1.1809703373475544,
        -0.9336326122283936,
        0.34313008189201355,
        -0.8034865476963443
      ],
      [
        -0.23596593737602234,
        0.6075169826311673,
        -0.0014617548381761782,
        -0.5417673001941085,
        -0.35765185952186584,
        0.2816160753978925,
        -0.38063827954410107,
        0.12037372753710868,
        0.022785920649766922,
        -0.3218387738998476,
        1.07044987236997,
        0.31704707965358714,
        -1.0125713348388672,
        0.053155767753695946,
        -0.33089321851730347,
        0.39189556159473155,
        -0.3949170864530749,
        -0.0677335331745641,
        0.2527323572485721,
        0.44716269158795524,
        -0.5773258434530663,
        -0.1672506183385849,
        -0.25764194129962115,
        -0.353064290837796,
        0.9149081666579909,
        0.1842532386483863,
        -0.5597058394690172,
        0.45893096923828125,
        1.0363972618982875,
        0.5177169972002476,
        -0.7596849799156189,
        -0.27719137851793413
      ]
    ],