{
  "architecture": "mlp_router",
  "input_dim": 8,
  "hidden_dim": 32,
  "output_dim": 3,
  "params": {
    "weights": [
      [
        0.24835707247257233,
        -0.062232632599909674,
        0.3223054131540902,
        0.7615149021148682,
        -0.11707668751478195,
        -0.1238883777883708,
        0.789017441243856,
        0.3839110818425056,
        -0.23437230705076378,
        0.2707659424886357,
        -0.2319830525579349,
        -0.23281981011114417,
        0.1209811344742775,
        -0.9605234579321595,
        -0.8624589443206787,
        -0.2838683981997696,
        -0.5028818354357178,
        0.15643216113064895,
        -0.4531088269312234,
        -0.7055600593302803,
        0.7349233810417779,
        -0.1128881499171257,
        0.03245382760927805,
        -0.7188549760453682,
        -0.27031291352233044,
        0.05249248532896689,
        -0.5712360856983371,
        0.1878490149974823,
        -0.30183308474846726,
        -0.14544170317247992,
        -0.30085331201553345,
        0.9219341314395011
      ],
      [
        -0.006748612504452467,
        -0.5226809982027251,
        0.40730911740288933,
        -0.6104218363761902,
        0.10443180054426193,
        -0.9857049402089506,
        -0.6643215117859212,
        0.09993178996708235,
        0.3691195121714883,
        0.08584443039012793,
        -0.057568200940726025,
        -0.15054777636130734,
        -0.7392609715461731,
        -0.3630251313082189,
        -0.23031938076019287,
        0.525324452963704,
        0.17143813145309433,
        -0.8823430971118071,
        0.16201815941321793,
        -0.19017831479105485,
        -0.33790119370991906,
        0.30583813786506653,
        0.5133732421884306,
        0.45829947016510497,
        -0.416963218730372,
        -0.15604464791193956,
        0.17178462349697987,
        0.48777255415916443,
        -0.241826586398688,
        -0.09261107017360136,
        -0.553167462348938,
        -0.5999415682340359
      ],
      [
        0.40626290440559387,
        0.6839949307388725,
        -0.03961129764986488,
        0.5017664432525635,
        0.18081800639629364,
        -0.3281068746128318,
        0.18059344562736848,
        0.770219152249049,
        -0.01791301928460598,
        0.7823218107223511,
        -1.30965128158121,
        0.41094362035322474,
        0.04352353513240814,
        -0.1524753951597945,
        0.04588038846850395,
        -0.9964921078059388,
        -0.10972334070886976,
        0.17805685074153202,
        0.7389379745766324,
        -0.25732885363111274,
        -0.4035016024111491,
        -0.2508785128593445,
        0.4555596465972382,
        0.1579145940609224,
        -0.2628622402072542,
        0.25521029004825985,
        0.05362934910887209,
        0.4843224883079529,
        -0.3527431452034401,
        -0.16367021547630098,
        -0.19605407118797302,
        -0.7328160324430562
      ],
      [
        0.148060142993927,
        0.19795689455941534,
        -0.021142808854096067,
        -0.11729356646537781,
        -0.7076853513717651,
        -0.27446048224031616,
        -0.17474492144956721,
        -0.392687522982296,
        -0.07838196038208961,
        0.19884006561115924,
        0.9423917337704635,
        0.0880116226530991,
        0.1287751942873001,
        -0.0736859924211243,
        -0.9593856334686279,
        -0.04535779079832429,
        0.0465958427311844,
        1.2217039384060473,
        -0.09025531119915599,
        0.16666493278812322,
        -0.006190657649452095,
        -0.5843390226364136,
        0.5530742482005161,
        0.30414020215200405,
        0.4210343614542871,
        -0.47806626915866524,
        0.75810241468009,
        -0.7009255290031433,
        0.2721944838559548,
        1.098797662975445,
        -0.49526816606521606,
        -0.31986256790271317
      ],
      [
        0.04982568323612213,
        -0.19394944262873623,
        -0.7994544754284577,
        0.03428148850798607,
        -0.5311518311500549,
        0.18451739970490622,
        -0.4628706138811952,
        0.7851075468780179,
        -0.39011939182692007,
        -0.16315432971239457,
        0.4067385725824709,
        -0.6141255163268194,
        0.11372996866703033,
        0.6223236602291177,
        -0.8037416338920593,
        0.06154934275617882,
        0.13584175626373296,
        0.37972873010130803,
        -0.6150462065197896,
        -0.6415081324273573,
        0.2646996402221905,
        0.14849233627319336,
        0.10690923786745514,
        0.10760951399124102,
        -0.31122663051741256,
        0.09818234548872787,
        0.20338262779648092,
        -0.35717570781707764,
        0.9106276824742849,
        0.24007238386753174,
        -0.5956517457962036,
        0.29594175702396747
      ],
      [
        -0.4873408377170563,
        0.4764989510986257,
        0.5603355369821179,
        -0.41034117341041565,
        0.4816880524158478,
        0.12383286459608919,
        0.4045871020269273,
        0.9506386724619851,
        -0.1176361851497724,
        -0.3839940781108266,
        -0.4481715045331086,
        -0.4074914714599562,
        -0.03855085372924805,
        0.12387996950666606,
        0.138345405459404,
        0.3804736889818856,
        0.049380225634015215,
        0.7181803201667837,
        -0.1212660745117754,
        1.3672220925709544,
        0.33818945035649217,
        -0.42857876420021057,
        -0.5509045107829174,
        0.16272031123870542,
        -0.08861968451243094,
        0.3214057254811226,
        0.28899836080800423,
        -0.036414455622434616,
        -0.4418874113431461,
        -0.7524994988126571,
        -0.22325748205184937,
        0.37653978546227784
      ],
      [
        0.10704687237739563,
        -0.6566133430729907,
        0.17488203228088925,
        0.1926586925983429,
        -0.4419287145137787,
        0.11879791274123949,
        0.04449389158501062,
        -0.5963723524121098,
        0.18793727044254327,
        0.26765080814661746,
        0.5330421964735597,
        0.5288489073220435,
        -0.6888346672058105,
        -0.4574187627068158,
        0.25751763582229614,
        0.2830302075546524,
        0.2966663388349469,
        1.9298545992351857,
        0.29903056518244064,
        0.5340002378316158,
        0.4714338422979777,
        0.32569563388824463,
        -0.15763461589813232,
        0.44055972300993923,
        -0.41110005004479755,
        -0.12573014351123912,
        -0.29972352767514565,
        0.040937069803476334,
        1.177390567762995,
        -0.9336326122283936,
        0.34313008189201355,
        -0.8063579201698303
      ],
      [
        -0.23596593737602234,
        0.6119045811124169,
        0.008440471819154508,
        -0.5388723611831665,
        -0.35765185952186584,
        0.2756610486501489,
        -0.36857098591699744,
        0.11668040492660117,
        0.025046816925182416,
        -0.32898554323836626,
        1.071270804052445,
        0.3176822143054923,
        -1.0125713348388672,
        0.056764122186686666,
        -0.33089321851730347,
        0.3941158083971561,
        -0.3797796432254846,
        -0.06728530748552453,
        0.2584188222208348,
        0.44876885873149774,
        -0.5889829732815567,
        -0.1672506183385849,
        -0.25580983602418456,
        -0.39849094356370945,
        0.908245529266635,
        0.1791183167702515,
        -0.5737367295497989,
        0.45893096923828125,
        1.039844015220396,
        0.5198024351617232,
        -0.7596849799156189,
        -0.2788307453404954
      ]
    ],