{
  "normal": [
    "fx67k150",
    "hn1027",
    "naca1410",
    "goe407",
    "goe574",
    "fx63143",
    "hm50t",
    "goe113",
    "goe633",
    "mid116",
    "e549",
    "e1200",
    "e558",
    "mh26",
    "hsnlf213",
    "naca0012",
    "goe530",
    "mh91",
    "fx63158",
    "ls413mod",
    "npl9626",
    "goe626",
    "kc135winglet",
    "hs1712",
    "goe506",
    "goe481a",
    "tasopt-c145",
    "e858",
    "e864",
    "eh1070"
  ],
  "medium": [
    "fx62k153",
    "Zone-25",
    "mid311",
    "hn352",
    "s6062",
    "azavmoyT",
    "ah81k144",
    "a18",
    "e58",
    "mid101tip",
    "nm26-3smoothed",
    "npl9660",
    "e62",
    "vr8b",
    "as6091",
    "naca1408",
    "n64012",
    "n63415",
    "giiik",
    "fx80080",
    "n642415",
    "naca642415",
    "as5046",
    "fxs21158",
    "goe510",
    "naca64208",
    "sc20012",
    "mh95",
    "goe411",
    "bacj",
    "goe572",
    "k2",
    "ht13",
    "ht12",
    "ht33",
    "mjp711f3rev",
    "sc17s",
    "n64108",
    "s9033",
    "rc0864c",
    "rae2822",
    "rae69ck",
    "fx77080",
    "lwk80080"
  ],
  "hard": [
    "hn462",
    "e361",
    "giiib",
    "goe325",
    "ag47c-03",
    "ag47c03",
    "hn999",
    "nm26-2smoothed",
    "n64212",
    "tp96-0.75",
    "ma409sm",
    "mh112",
    "sc2110",
    "goe494",
    "naca65209",
    "as6097",
    "sc20406",
    "ls417",
    "ht05",
    "ht08",
    "tp29-5",
    "naca66209",
    "raf25",
    "s1010",
    "fad07",
    "naca0008",
    "mh50",
    "hn30s",
    "mh52",
    "hq07",
    "mid027"
  ],
  "initial_cd": {
    "fx67k150": 0.075005,
    "hn1027": 0.075764,
    "naca1410": 0.076397,
    "goe407": 0.076933,
    "goe574": 0.077619,
    "fx63143": 0.078204,
    "hm50t": 0.07901,
    "goe113": 0.079687,
    "goe633": 0.080649,
    "mid116": 0.08133,
    "e549": 0.081998,
    "e1200": 0.082694,
    "e558": 0.083395,
    "mh26": 0.084501,
    "hsnlf213": 0.08557,
    "naca0012": 0.086949,
    "goe530": 0.088096,
    "mh91": 0.089458,
    "fx63158": 0.091325,
    "ls413mod": 0.092829,
    "npl9626": 0.094687,
    "goe626": 0.09663,
    "kc135winglet": 0.099123,
    "hs1712": 0.101456,
    "goe506": 0.105238,
    "goe481a": 0.109747,
    "tasopt-c145": 0.115485,
    "e858": 0.126281,
    "e864": 0.154367,
    "eh1070": 0.240636,
    "fx62k153": 0.075193,
    "Zone-25": 0.075259,
    "mid311": 0.075804,
    "hn352": 0.076219,
    "s6062": 0.076838,
    "azavmoyT": 0.077282,
    "ah81k144": 0.077448,
    "a18": 0.078072,
    "e58": 0.078213,
    "mid101tip": 0.079124,
    "nm26-3smoothed": 0.079429,
    "npl9660": 0.080503,
    "e62": 0.081253,
    "vr8b": 0.081709,
    "as6091": 0.08324,
    "naca1408": 0.083823,
    "n64012": 0.083876,
    "n63415": 0.08459,
    "giiik": 0.087372,
    "fx80080": 0.088407,
    "n642415": 0.088758,
    "naca642415": 0.088758,
    "as5046": 0.089271,
    "fxs21158": 0.091492,
    "goe510": 0.092165,
    "naca64208": 0.096883,
    "sc20012": 0.099272,
    "mh95": 0.104864,
    "goe411": 0.104916,
    "bacj": 0.116682,
    "goe572": 0.11767,
    "k2": 0.120705,
    "ht13": 0.209993,
    "ht12": 0.216493,
    "ht33": 0.22457,
    "mjp711f3rev": 0.225051,
    "sc17s": 0.227799,
    "n64108": 0.230008,
    "s9033": 0.2388,
    "rc0864c": 0.242722,
    "rae2822": 0.246108,
    "rae69ck": 0.246108,
    "fx77080": 0.246319,
    "lwk80080": 0.266366,
    "hn462": 0.076008,
    "e361": 0.07668,
    "giiib": 0.078781,
    "goe325": 0.079499,
    "ag47c-03": 0.079851,
    "ag47c03": 0.079851,
    "hn999": 0.079968,
    "nm26-2smoothed": 0.081434,
    "n64212": 0.081517,
    "tp96-0.75": 0.085483,
    "ma409sm": 0.089739,
    "mh112": 0.091675,
    "sc2110": 0.093429,
    "goe494": 0.095606,
    "naca65209": 0.096959,
    "as6097": 0.101695,
    "sc20406": 0.126841,
    "ls417": 0.132518,
    "ht05": 0.226672,
    "ht08": 0.227733,
    "tp29-5": 0.235226,
    "naca66209": 0.241573,
    "raf25": 0.244476,
    "s1010": 0.248198,
    "fad07": 0.249532,
    "naca0008": 0.249568,
    "mh50": 0.260457,
    "hn30s": 0.263105,
    "mh52": 0.264281,
    "hq07": 0.268564,
    "mid027": 0.288327
  },
  "config": {
    "cd_threshold": 0.075,
    "normal_sample_size": 30,
    "cl_targets": [
      0.8,
      1.0,
      1.2,
      1.4,
      1.5,
      1.6
    ],
    "cl_weights": [
      5.0,
      6.0,
      7.0,
      8.0,
      9.0,
      10.0
    ]
  }
}